day,platform,content_title,target_url,status,notes
Day 1,LinkedIn,Gerber + BOM quote checklist,https://huitaipcb.com/china-pcb-assembly,draft,Publish from Teemo profile; keep the CTA soft and practical.
Day 2,Quora,What files are needed for a PCB assembly quote?,https://huitaipcb.com/china-pcb-assembly,draft,Answer buyer question first; add one relevant link near the end.
Day 3,Medium,What Files Are Needed for a China PCB Assembly Quote?,https://huitaipcb.com/china-pcb-assembly,draft,Use article draft 1; do not duplicate website page copy.
Day 4,LinkedIn,Why BOM shortage should be checked before PCB assembly,https://huitaipcb.com/bom-sourcing-pcb-assembly,draft,Focus on sourcing risk review and customer-approved alternatives.
Day 5,Quora,How do I choose a PCB assembly manufacturer in China?,https://huitaipcb.com/china-pcb-assembly,draft,Keep answer neutral and checklist-based.
Day 6,YouTube Shorts,What files are needed for a PCBA quote?,https://huitaipcb.com/china-pcb-assembly,draft,Record 30-45 seconds; place one link in description.
Day 7,Observation,Rest and observe early signals,,draft,Check whether posts are indexed or receiving comments before publishing the next article.
Day 8,Medium,How BOM Shortages Affect PCB Assembly Projects,https://huitaipcb.com/bom-sourcing-pcb-assembly,draft,Use article draft 2; highlight BOM review before purchasing.
Day 9,LinkedIn,Prototype PCBA mistakes buyers can avoid,https://huitaipcb.com/prototype-pcb-assembly,draft,Focus on file readiness and testing notes.
Day 10,Quora,What is turnkey PCB assembly?,https://huitaipcb.com/turnkey-pcb-assembly,draft,Explain the workflow clearly before mentioning Huitai.
Day 11,YouTube Shorts,Why BOM shortages delay PCB assembly,https://huitaipcb.com/bom-sourcing-pcb-assembly,draft,Use short script 2; avoid sounding like a sales pitch.
Day 12,LinkedIn,Turnkey PCBA vs PCB assembly only,https://huitaipcb.com/turnkey-pcb-assembly,draft,Explain coordination value without making broad claims.
Day 13,Quora,How do PCB assembly companies handle BOM shortages?,https://huitaipcb.com/bom-sourcing-pcb-assembly,draft,Mention customer approval for alternative parts.
Day 14,Medium + YouTube Shorts,Prototype vs Low-Volume PCBA Assembly + Prototype vs low-volume PCBA,https://huitaipcb.com/low-volume-pcba-assembly,draft,Publish Medium draft 3 and short script 3; monitor comments and referral traffic.
